-- Baseline migration 9/10: reference data seed.
-- Target: pre-prod project ocauafggjrqvopxjihas (TenderHUB_SU10 Prod).
-- Source: live prod wkywhjljrhewfpedbjzx as of 2026-04-20.
-- All INSERT ... ON CONFLICT DO NOTHING for idempotency.

-- 1. units
INSERT INTO public.units (code, name, description, category, sort_order, is_active) VALUES
('Год','Год',NULL,'Время',0,true),
('шт','Штуки','Поштучный учет','количество',10,true),
('м','Метры','Линейные метры','длина',20,true),
('м2','Квадратные метры','Площадь','площадь',30,true),
('м3','Кубические метры','Объем','объем',40,true),
('кг','Килограммы','Масса','масса',50,true),
('л','Литры','Объем жидкости','объем',70,true),
('компл','Комплект','Набор элементов','количество',80,true),
('м.п.','Метры погонные','Погонный метр','длина',90,true),
('точка','Точка','Точечные элементы','количество',100,true),
('км','Километры','Километры','длина',110,true),
('прибор','Прибор','Единица оборудования','количество',120,true),
('упак','Упаковка','Упаковка','количество',140,true),
('месяц','месяц',NULL,'импортированная',150,true),
('тн','Тонны','Тонны (1000 кг)','масса',160,true),
('тн/м пог','тн/м пог',NULL,'импортированная',170,true),
('выезд','Выезд','Выезд',NULL,999,true),
('групп','групп',NULL,'общая',999,true),
('к-с','Комплекс',NULL,NULL,999,true),
('конец','конец',NULL,'общая',999,true),
('линия','линия',NULL,'общая',999,true),
('м-час','маш-ч','Машино-час',NULL,999,true),
(E'м2\r\n(по полу)','м2 пола',NULL,NULL,999,true),
('система','система',NULL,'общая',999,true),
('чел/ч','чел/ч',NULL,'общая',999,true),
(E'шт \r\nм.п.','шт/пог.м',NULL,NULL,999,true),
('шт квартир','количество квартир (в штуках)',NULL,NULL,999,true)
ON CONFLICT (code) DO NOTHING;

-- 2. roles
INSERT INTO public.roles (code, name, color, allowed_pages, is_system_role) VALUES
('administrator','Администратор','gold','[]'::jsonb,false),
('developer','Разработчик','volcano','[]'::jsonb,false),
('director','Руководитель','pink','[]'::jsonb,false),
('ekonomist','Экономист','cyan','["/projects"]'::jsonb,false),
('engineer','Инженер','blue','["/dashboard","/positions","/library","/library/templates","/bsm","/costs","/analytics/comparison","/admin/nomenclatures","/tasks","/admin/construction_cost","/commerce/proposal","/tender-timeline"]'::jsonb,false),
('general_director','Гендиректор','green','["/financial-indicators","/tenders"]'::jsonb,false),
('pomoschnik_rukovoditelya_otdela','Помощник руководителя отдела','geekblue','["/tenders"]'::jsonb,false),
('senior_group','Старший группы','lime','["/dashboard","/positions","/library","/library/templates","/bsm","/costs","/analytics/comparison","/financial-indicators","/commerce/proposal","/admin/nomenclatures","/tasks","/admin/construction_cost","/admin/insurance","/admin/import-log","/tender-timeline"]'::jsonb,false),
('veduschiy_inzhener','Ведущий инженер','purple','[]'::jsonb,false)
ON CONFLICT (code) DO NOTHING;

-- 3. construction_scopes
INSERT INTO public.construction_scopes (id, name) VALUES
('614ec140-8e88-4a05-b7e9-c75de0612c05','Генподряд'),
('aca41b87-0924-4815-8681-5a1d4d3ce640','Коробка'),
('ddbe6016-5a1c-4917-b5a4-8a9eaa38e5e4','Монолит'),
('75ff5897-ee4a-451c-883a-e76c55aca158','Монолит подземной части'),
('43d2802c-c2bf-4dab-acf0-9381afc902f4','Монолит+нулевой цикл')
ON CONFLICT (id) DO NOTHING;

-- 4. tender_statuses
INSERT INTO public.tender_statuses (id, name) VALUES
('387a0854-a06f-4608-ab7a-a848cfc3c172','В работе'),
('51fc2bae-0741-426d-8cdd-c43a66a115a8','Выиграли'),
('4e020a1d-07d0-4e74-b167-34f523781618','Ожидаем тендерный пакет'),
('ac0e835d-45b7-4cb7-8a1c-62e25cb05e93','Проиграли')
ON CONFLICT (id) DO NOTHING;

-- 5. markup_parameters
INSERT INTO public.markup_parameters (id, key, label, default_value, order_num, is_active) VALUES
('2c487a7b-bfb2-4315-84e2-47204ef1b4d8','mechanization_service','Служба механизации',5.00,1,true),
('69bb3c39-68b6-4738-b1ad-855b06ef65b6','mbp_gsm','МБП и ГСМ',7.00,2,true),
('4c7f6c87-5603-49de-ab14-a41e4cc1576d','warranty_period','Гарантийный период',5.00,3,true),
('8025d9c4-7702-4f3a-a496-1eca820345e6','works_16_markup','Работы 1,6',60.00,4,true),
('be99baf4-2afe-4387-8591-decb50cc44e4','works_cost_growth','Рост стоимости работ',10.00,5,true),
('78b4763a-1b67-4079-a0ec-fe40c8a05e00','material_cost_growth','Рост стоимости материалов',10.00,6,true),
('4961e7f2-4abc-4d3c-8213-6f49424387f8','subcontract_works_cost_growth','Рост стоимости работ субподряда',10.00,7,true),
('214d9304-a070-4a82-a302-1d880efa7fdd','subcontract_materials_cost_growth','Рост стоимости материалов субподряда',10.00,8,true),
('4952629e-3026-47f3-a7de-1f0166de75d4','contingency_costs','Непредвиденные затраты',3.00,9,true),
('227c4abd-e3bd-471c-95ea-d0c1d0100506','overhead_own_forces','ООЗ',10.00,10,true),
('e322a83d-ad51-45d9-b809-b56904971f40','overhead_subcontract','ООЗ субподряда',10.00,11,true),
('d40f22a5-119c-47ed-817d-ce58603b398d','general_costs_without_subcontract','ОФЗ без субподряда',20.00,12,true),
('369e3c15-a03e-475c-bdd4-a91a0b70a4e9','profit_own_forces','Прибыль',10.00,13,true),
('46be3bc8-80a9-4eda-b8b2-a1f8a550bbfc','profit_subcontract','Прибыль субподряда',16.00,14,true),
('ac565dc3-212a-4bae-80ca-572f9d8c748c','nds_22','НДС',22.00,15,true)
ON CONFLICT (id) DO NOTHING;

-- 6. cost_categories
INSERT INTO public.cost_categories (id, name, unit) VALUES
('501698da-fe8e-4ee3-b597-075a02a06aeb','БЛАГОУСТРОЙСТВО','м2'),
('b65d55b0-6284-4919-841c-2f9d568e9a56','ВИС / Механические инженерные системы','м2'),
('f7a0ca9d-afe7-451b-a0ac-29f3475e50d8','ВИС / Слаботочные системы, автоматика и диспетчеризация','м2'),
('6ede0f27-0ac7-4861-92b9-02837a474f41','ВИС / Электрические системы','м2'),
('3722ee8a-e0a2-4b74-8cf5-7c23f1d54930','ВОДООТВЕДЕНИЕ И ВОДОПОНИЖЕНИЕ','м2'),
('9d599cce-fa5c-4d95-943d-94ec4b0059d0','ГИДРОИЗОЛЯЦИОННЫЕ РАБОТЫ','м2'),
('5a987600-2b4e-49f2-a4a7-b391f1182817','ДВЕРИ, ЛЮКИ, ВОРОТА','шт'),
('835c0ce0-cb8b-4020-b162-f12dad8c9d18','ЗЕМЛЯНЫЕ РАБОТЫ','м3'),
('81f685ee-841d-492c-ace9-bad61f539e3d','КЛАДОЧНЫЕ РАБОТЫ','м3'),
('facc998c-1893-41d2-bf4d-477d5aef3f59','КРОВЛЯ','м2'),
('21ee9988-212d-493c-bcb8-09890c6722f3','МЕТАЛЛИЧЕСКИЕ КОНСТРУКЦИИ','тн'),
('05209bf1-ee1a-48a1-9f70-68148783a497','МОКАП','м2'),
('3db98998-7050-453b-8337-ceaa31954c44','МОНОЛИТНЫЕ РАБОТЫ','м3'),
('902e070d-9b5c-4856-894e-29f564069e24','НАРУЖНИЕ ВИС / Механические инженерные системы','м2'),
('9b9dfb06-1a72-4df3-adc9-cae87ce57157','НАРУЖНИЕ ВИС / Слаботочные системы, автоматика и диспетчеризация','м2'),
('c18c38e0-f790-4be4-9965-1edced103e19','НАРУЖНИЕ ВИС / Электрические системы','м2'),
('b8432ebf-1c9d-4cf4-bd60-cb952005a8bb','Организация строительной площадки','м2'),
('c38c7f9b-4874-4181-b7c9-9193c452ca4a','ОТДЕЛКА КВАРТИР MR BASE (предчистовая отделка)','м2'),
('a9d80378-15df-49f6-9529-70ebdf36b3db','ОТДЕЛОЧНЫЕ РАБОТЫ','м2'),
('63488789-7ae2-4f0f-866b-e5e15f93799b','ПРОЕКТНЫЕ РАБОТЫ','м2'),
('1a1aafd0-8c73-42f1-95d3-76251b1d13a5','ТЕХНОЛОГИЯ (ТХ)','м2'),
('cd02d27b-955e-491c-94de-aa9d016c0049','УСТРОЙСТВО ВИБРОЗАЩИТЫ','м2'),
('11ea3e07-bd83-431c-805a-9b610b93d980','УСТРОЙСТВО КОТЛОВАНА','тн/м пог'),
('2a3d0ed7-31be-48f4-97eb-3e6039f1f483','ФАСАДНЫЕ РАБОТЫ','м2')
ON CONFLICT (id) DO NOTHING;

-- 7. detail_cost_categories
INSERT INTO public.detail_cost_categories (id, cost_category_id, name, location, unit, order_num) VALUES
-- order_num 1 (Организация строительной площадки)
('afabb80b-1b6a-4483-ba70-996b9821c6db','b8432ebf-1c9d-4cf4-bd60-cb952005a8bb','Аренда ДГУ/КТПН + топливо +механик','Улица','месяц',1),
('9a158e6b-2ef0-4fd7-b31f-2a17469bf272','b8432ebf-1c9d-4cf4-bd60-cb952005a8bb','Аренда котельных, топливо трубопроводы, временные конвекторы на этажах, теплоноситель + механик','Улица','месяц',1),
('bf119232-9c1f-45b7-9c0e-36affd8eef77','b8432ebf-1c9d-4cf4-bd60-cb952005a8bb','Бытовой городок','Улица','шт',1),
('50e03f94-c561-411f-8a9a-9bdc23950e87','b8432ebf-1c9d-4cf4-bd60-cb952005a8bb','Временные сети','Улица','м2',1),
('329fa1be-0971-4ee0-9986-13e2f6bdbd62','b8432ebf-1c9d-4cf4-bd60-cb952005a8bb','Вырубка деревьев и кустарников','Улица','м2',1),
('70b3d708-6173-436b-8c77-bc7fe08f25b2','b8432ebf-1c9d-4cf4-bd60-cb952005a8bb','Демонтаж подземных фундаментов','Улица','м2',1),
('57ce8bf4-bf50-4b41-b676-1a9327994f16','b8432ebf-1c9d-4cf4-bd60-cb952005a8bb','Дороги, покрытия','Улица','м2',1),
('0f9139c2-ff0c-4516-a874-4323b1c11ee1','b8432ebf-1c9d-4cf4-bd60-cb952005a8bb','Ограждение строительной площадки','Улица','м.п.',1),
('d120b0d2-1a1c-45d9-a3c6-535b224bfa10','b8432ebf-1c9d-4cf4-bd60-cb952005a8bb','Прочие работы (подсветка кранов, временная декоративные подсветка здания и тд)','Улица','м2',1),
('43025a89-befd-487f-a7ce-8ff1d2bc7bf6','b8432ebf-1c9d-4cf4-bd60-cb952005a8bb','Пункт мойки колес','Улица','шт',1),
('0e069cdd-775a-4d08-8ade-b30e1682d8e6','b8432ebf-1c9d-4cf4-bd60-cb952005a8bb','Снос/демонтаж существующих зданий','Улица','м2',1),
('5c4a9bc4-88ff-44d8-9225-a9935c566e5f','b8432ebf-1c9d-4cf4-bd60-cb952005a8bb','Финишный клининг (фасада, светопрозрачки, отделки, покрытий благоустройства)','Улица','м2',1),
-- order_num 2 (ЗЕМЛЯНЫЕ РАБОТЫ)
('edd8990b-c85d-4e81-864d-baf87167e147','835c0ce0-cb8b-4020-b162-f12dad8c9d18','Вывоз грунта с таллонами','Здание','м3',2),
('7e2d8f2f-081e-4dbe-bae8-d7b129dc7324','835c0ce0-cb8b-4020-b162-f12dad8c9d18','Обратная засыпка (местный грунт, песок)','Здание','м3',2),
('c6f0f6ca-758d-4ab4-9066-f1f585786f0a','835c0ce0-cb8b-4020-b162-f12dad8c9d18','Разработка грунта (делить на классы)','Здание','м3',2),
-- order_num 3 (ВОДООТВЕДЕНИЕ И ВОДОПОНИЖЕНИЕ)
('05a550d4-ed93-4c50-ba0c-c0b7500e152c','3722ee8a-e0a2-4b74-8cf5-7c23f1d54930','Водоотведение и водопонижение (физика+коммунальные платежи + эксплуатация)','Здание','м2',3),
-- order_num 4 (УСТРОЙСТВО КОТЛОВАНА)
('3a08e405-5898-4695-a07f-4e2bfb02b2f4','11ea3e07-bd83-431c-805a-9b610b93d980','Выравнивающая стенка','Здание','м3',4),
('9c7f6a14-4040-4b8b-a1f7-c426b1371dfb','11ea3e07-bd83-431c-805a-9b610b93d980','Грунтовые анкера','Здание','шт',4),
('69b0c73b-e9af-47ae-bc40-6b8132e269a3','11ea3e07-bd83-431c-805a-9b610b93d980','Демонтаж распорной системы','Здание','тн/м пог',4),
('b7bf9721-729e-4b18-a57f-e9f4adad5bfb','11ea3e07-bd83-431c-805a-9b610b93d980','Распорная система','Здание','тн/м пог',4),
('52eb6056-174f-4d95-8be3-fd3ea5f8de23','11ea3e07-bd83-431c-805a-9b610b93d980','Свайные работы (стыковка, лидерное бурение, испытание свай)','Здание','шт',4),
('502e432d-6083-436a-a8fb-4dfed76e714f','11ea3e07-bd83-431c-805a-9b610b93d980','Стена в грунте + демонтаж форшахты (бентонит, каркас, бетон, вывоз грунта)','Здание','м3',4),
('787d3c9c-30de-4e7f-a867-39e5c8163406','11ea3e07-bd83-431c-805a-9b610b93d980','Шпунтовое ограждение','Здание','тн/м пог',4),
-- order_num 5 (ГИДРОИЗОЛЯЦИОННЫЕ РАБОТЫ)
('6d0855ce-fca9-4fb2-afc9-49be6dfa1205','9d599cce-fa5c-4d95-943d-94ec4b0059d0','Гидроизоляция','Здание','м2',5),
-- order_num 6 (УСТРОЙСТВО ВИБРОЗАЩИТЫ)
('ab9fdd8a-f533-4729-96a3-4230ccf06ebd','cd02d27b-955e-491c-94de-aa9d016c0049','Виброзащита','Здание','м2',6),
-- order_num 7 (МОНОЛИТНЫЕ РАБОТЫ)
('22002dec-c9a7-4f56-b37f-f935f39b30f3','3db98998-7050-453b-8337-ceaa31954c44','Балки','Здание','м3',7),
('7b1ffedd-4079-4119-aa55-945564d4f345','3db98998-7050-453b-8337-ceaa31954c44','Башенные краны и подьемники (оператор, аренда, фундаменты. стартовые секции, пристежки (связи), ППР)','Здание','шт',7),
('ca5a977f-f9e6-4c2a-9bb8-aab9f3b06f9a','3db98998-7050-453b-8337-ceaa31954c44','Бетонная подготовка','Здание','м3',7),
('9a698213-20ea-4b86-b35d-5e5a0ffb4867','3db98998-7050-453b-8337-ceaa31954c44','Виброизоляция под оборудование','Здание','м2',7),
('5d972f87-0215-444b-8416-5da3ad489581','3db98998-7050-453b-8337-ceaa31954c44','Лестницы','Здание','м3',7),
('d1a40a3c-c8d2-41bb-961b-5a35af785209','3db98998-7050-453b-8337-ceaa31954c44','Пилоны и колонны','Здание','м3',7),
('a084bcef-1a42-41df-bf01-63f902c722bc','3db98998-7050-453b-8337-ceaa31954c44','Плиты перекрытия / покрытия / разгрузочные','Здание','м3',7),
('802cd102-d400-44f2-bfac-0e174fe343de','3db98998-7050-453b-8337-ceaa31954c44','Рампа','Здание','м3',7),
('b20e9fc3-f7a9-4377-b334-d8e759689480','3db98998-7050-453b-8337-ceaa31954c44','Сборные ж/б конструкции','Здание','м3',7),
('9a88d5b9-1a20-4abd-a2b2-c29e5a1dd9c6','3db98998-7050-453b-8337-ceaa31954c44','Стены','Здание','м3',7),
('feef3cf7-b09a-4e4b-9dc4-de0127746a71','3db98998-7050-453b-8337-ceaa31954c44','Фанера ламинированная','Здание','м3',7),
('83508a6f-2b0c-45e5-8806-2d35f5602ebf','3db98998-7050-453b-8337-ceaa31954c44','Фундаментная плита','Здание','м3',7),
('4088390e-ee7a-46be-b5b6-596d05e3a073','3db98998-7050-453b-8337-ceaa31954c44','Фундаменты под оборудование','Здание','м3',7),
-- order_num 8 (МЕТАЛЛИЧЕСКИЕ КОНСТРУКЦИИ)
('133bad17-839e-4bd7-8fdf-bf113fed72de','21ee9988-212d-493c-bcb8-09890c6722f3','Металлоконструкции','Здание','тн',8),
-- order_num 9 (КЛАДОЧНЫЕ РАБОТЫ)
('5efb4a7a-8251-4d67-acb7-a85c994f6d57','81f685ee-841d-492c-ace9-bad61f539e3d','Закладные детали кладки','Здание','тн',9),
('64b5f427-5e39-4fa3-91bc-4d7049824d4b','81f685ee-841d-492c-ace9-bad61f539e3d','Каменная кладка','Здание','м3',9),
('c13baf82-7fe6-4d36-906e-461126a26123','81f685ee-841d-492c-ace9-bad61f539e3d','Светопрозрачные стены внутри здания или парковки','Здание','м2',9),
-- order_num 10 (КРОВЛЯ)
('ed089f62-52ac-4ad5-801e-3697b4b25786','facc998c-1893-41d2-bf4d-477d5aef3f59','Кровельные работы','Здание','м2',10),
-- order_num 11 (ФАСАДНЫЕ РАБОТЫ)
('c86e83f8-d8dd-483d-99c1-38858b9962a2','2a3d0ed7-31be-48f4-97eb-3e6039f1f483','Двери наружные по фасаду (входные и БКФН, тамбурные двери)','Здание','м2',11),
('a987cf56-0172-4f68-9d4c-bab38e41da7a','2a3d0ed7-31be-48f4-97eb-3e6039f1f483','Защита светопрозрачных конструкций','Здание','м2',11),
('52bdbb6d-55db-4b8f-9453-16c0e515a490','2a3d0ed7-31be-48f4-97eb-3e6039f1f483','Леса и люльки','Здание','м2',11),
('2b0862a8-5a3a-4e4a-90ce-eff27cb10e92','2a3d0ed7-31be-48f4-97eb-3e6039f1f483','Облицовка НВФ','Здание','м2',11),
('52337702-7c7a-4476-94cc-0860a6f1fba2','2a3d0ed7-31be-48f4-97eb-3e6039f1f483','Ограждения, козырьки, маркизы','Здание','м2',11),
('c90098e4-4646-4a5c-8373-25fdb2d89d0a','2a3d0ed7-31be-48f4-97eb-3e6039f1f483','Подсистема НВФ + утеплитель','Здание','м2',11),
('eea074a4-f5fb-4da8-9149-bcb78c97ab2c','2a3d0ed7-31be-48f4-97eb-3e6039f1f483','Профиль ПВХ','Здание','м2',11),
('70edef01-9ff5-4ccb-80fc-d71d8e8c0ccc','2a3d0ed7-31be-48f4-97eb-3e6039f1f483','Профиль стойка-ригель','Здание','м2',11),
('bfb9c0e9-aac6-41e8-8c83-b4c5b72fc78a','2a3d0ed7-31be-48f4-97eb-3e6039f1f483','Светопрозрачные конструкции','Здание','м2',11),
('e25ba4e3-7c7f-4c90-a479-8b2e094b4199','2a3d0ed7-31be-48f4-97eb-3e6039f1f483','СОФ','Здание','м2',11),
('deffc93c-e73f-4322-9402-7397a0c9ebc8','2a3d0ed7-31be-48f4-97eb-3e6039f1f483','Тамбура (1-ые этажи и БКФН)','Здание','м2',11),
('221e3a72-d3e0-4c02-8591-88550ee739b6','2a3d0ed7-31be-48f4-97eb-3e6039f1f483','Устройство мокрого фасада','Здание','м2',11),
('c7073513-a3f8-4797-ac50-976601d1c6c5','2a3d0ed7-31be-48f4-97eb-3e6039f1f483','Фурнитура','Здание','м2',11),
-- order_num 12 (ОТДЕЛОЧНЫЕ РАБОТЫ)
('3150851c-f0ef-4aaf-8cb1-bdd26319669b','a9d80378-15df-49f6-9529-70ebdf36b3db','Водоотводные лотки паркинга','Автостоянка','шт',12),
('5be513b9-d18d-45ac-af5c-c47ed39c156d','a9d80378-15df-49f6-9529-70ebdf36b3db','ГКЛ перегородки','Лобби','м2',12),
('c82254bb-9b50-4e91-b553-97817c419ac0','a9d80378-15df-49f6-9529-70ebdf36b3db','ГКЛ перегородки','Автостоянка','м2',12),
('4a866408-26e8-4a29-8a84-2f2dac7351cf','a9d80378-15df-49f6-9529-70ebdf36b3db','Декор','Лобби','шт',12),
('7567f9d3-a376-4ed6-b21f-e772c57128ec','a9d80378-15df-49f6-9529-70ebdf36b3db','Деформационные швы (вертикальные и горизонтальные) финишное оформление','Автостоянка','м.п.',12),
('4a2f871b-eef9-4ca6-a8af-5ff9584218d5','a9d80378-15df-49f6-9529-70ebdf36b3db','Защита МОП','МОП ПЧ','м2',12),
('d2fe68dc-0b1a-4c53-b4c0-a2664ba405d6','a9d80378-15df-49f6-9529-70ebdf36b3db','Защита МОП','МОП НЧ','м2',12),
('1b46432c-519d-40d0-a766-661b892c7456','a9d80378-15df-49f6-9529-70ebdf36b3db','Защита МОП','Лобби','м2',12),
('75be25bd-58b3-4270-b2fc-dd614f60d29b','a9d80378-15df-49f6-9529-70ebdf36b3db','Лестничные ограждения','ЛК','м.п.',12),
('494aad4d-81b7-409b-b24d-f8f4517a1631','a9d80378-15df-49f6-9529-70ebdf36b3db','Лифтовые порталы','МОП ПЧ','шт',12),
('20183ba0-1cf3-426f-a587-e4daed85b8b2','a9d80378-15df-49f6-9529-70ebdf36b3db','Лифтовые порталы','Лобби','шт',12),
('ad8b9c08-d5d9-422d-8f3f-f42031a7035b','a9d80378-15df-49f6-9529-70ebdf36b3db','Лифтовые порталы','МОП НЧ','шт',12),
('0e09986a-0055-4bf4-bf69-789c4797cdda','a9d80378-15df-49f6-9529-70ebdf36b3db','Мебель','Лобби','шт',12),
('2ce3f91b-c1e6-4ff9-978d-86de46e1a44a','a9d80378-15df-49f6-9529-70ebdf36b3db','Мебель ТХ','Автостоянка','шт',12),
('1edfb56e-bb1c-4dfb-ad95-4beaef10be26','a9d80378-15df-49f6-9529-70ebdf36b3db','Мобильные перегородки','Лобби','м2',12),
('b064a220-cff7-428d-ab32-bc7083239b4d','a9d80378-15df-49f6-9529-70ebdf36b3db','Мобильные перегородки','Автостоянка','м2',12),
('75313923-3735-42b3-82f1-2566f92946f5','a9d80378-15df-49f6-9529-70ebdf36b3db','Навигация','Лобби','м2',12),
('1b0e9289-f3a8-4749-8891-51490f7182cf','a9d80378-15df-49f6-9529-70ebdf36b3db','Навигация','Автостоянка','шт',12),
('6ccabfc5-9773-4200-86c8-eacf9e66ab1b','a9d80378-15df-49f6-9529-70ebdf36b3db','Навигация','МОП НЧ','м2',12),
('043e4936-c30f-408b-a1c0-1dd736554b25','a9d80378-15df-49f6-9529-70ebdf36b3db','Навигация','МОП ПЧ','м2',12),
('24783238-572b-49a1-981b-84936be897c1','a9d80378-15df-49f6-9529-70ebdf36b3db','Освещение','Лобби','м2',12),
('aab54bf4-e5a7-42f4-8742-28fa4871de57','a9d80378-15df-49f6-9529-70ebdf36b3db','Отделка подоконников','ЛК','м2',12),
('e453ffef-1b28-4b78-abe1-cfd8df4e7dac','a9d80378-15df-49f6-9529-70ebdf36b3db','Отделка полов','Техпространство','м2',12),
('07a6bca9-572b-444b-8c97-c39da086a2af','a9d80378-15df-49f6-9529-70ebdf36b3db','Отделка полов','Кладовки Помещения не БКТ','м2',12),
('cfbd4df8-0e63-4c06-b851-86c1934ed7a4','a9d80378-15df-49f6-9529-70ebdf36b3db','Отделка полов','Технические помещения','м2',12),
('d58d7822-739c-49f8-93e5-e8dc374c21ae','a9d80378-15df-49f6-9529-70ebdf36b3db','Отделка полов','МОП ПЧ','м2',12),
('4d00f9e1-335c-4a72-b409-828fa5b28226','a9d80378-15df-49f6-9529-70ebdf36b3db','Отделка полов','Автостоянка','м2',12),
('e9f1cfa3-a20a-4b6c-aa35-ade14097d9b2','a9d80378-15df-49f6-9529-70ebdf36b3db','Отделка полов','Лобби','м2',12),
('263d406e-0280-4a07-9b74-be0d280e2682','a9d80378-15df-49f6-9529-70ebdf36b3db','Отделка полов','МОП НЧ','м2',12),
('aa1dec2c-8c70-48e8-93c8-24ca39cb150a','a9d80378-15df-49f6-9529-70ebdf36b3db','Отделка полов','ЛК','м2',12),
('9bf3da7c-ceb8-4da9-9804-9b6383da2fcf','a9d80378-15df-49f6-9529-70ebdf36b3db','Отделка потолков','Технические помещения','м2',12),
('ca13e635-14a0-4f5a-b3d0-75825db3e129','a9d80378-15df-49f6-9529-70ebdf36b3db','Отделка потолков','Техпространство','м2',12),
('7316d0b1-ae2c-4f22-9e79-cbf1eb886822','a9d80378-15df-49f6-9529-70ebdf36b3db','Отделка потолков','МОП ПЧ','м2',12),
('6c49d321-3dc2-411b-ad2a-83c6fb5c11f8','a9d80378-15df-49f6-9529-70ebdf36b3db','Отделка потолков','Автостоянка','м2',12),
('1046d6c5-5539-4da3-a7eb-cb13a565a53a','a9d80378-15df-49f6-9529-70ebdf36b3db','Отделка потолков','Кладовки Помещения не БКТ','м2',12),
('8fc0ec90-3608-46b5-ad7b-47ecf349ec86','a9d80378-15df-49f6-9529-70ebdf36b3db','Отделка потолков','Лобби','м2',12),
('37e2fdeb-ba1c-4c94-8f04-908c669e097d','a9d80378-15df-49f6-9529-70ebdf36b3db','Отделка потолков','ЛК','м2',12),
('532e10d2-77bf-4dfe-8c11-e5af3349fb4f','a9d80378-15df-49f6-9529-70ebdf36b3db','Отделка потолков','МОП НЧ','м2',12),
('5a252caf-3409-4ed9-9f7a-cb3173d27275','a9d80378-15df-49f6-9529-70ebdf36b3db','Отделка стен','ЛК','м2',12),
('a4bfe938-d6f9-4fe6-a9cf-7aded064aeee','a9d80378-15df-49f6-9529-70ebdf36b3db','Отделка стен, колонн и откосов','Лобби','м2',12),
('79f2d91b-6f0e-429b-9bdc-9b82ae460173','a9d80378-15df-49f6-9529-70ebdf36b3db','Отделка стен, колонн и откосов','Техпространство','м2',12),
('4255fdb1-41b0-4019-9f0a-ef6e18683582','a9d80378-15df-49f6-9529-70ebdf36b3db','Отделка стен, колонн и откосов','Кладовки Помещения не БКТ','м2',12),
('8a46a40e-da15-486d-91d0-4b917c1dc4ef','a9d80378-15df-49f6-9529-70ebdf36b3db','Отделка стен, колонн и откосов','Автостоянка','м2',12),
('29bfb855-6c4c-4586-a64b-15c57e17ce65','a9d80378-15df-49f6-9529-70ebdf36b3db','Отделка стен, колонн и откосов','МОП НЧ','м2',12),
('a8cdf671-04e3-48cb-b528-57a1317dca03','a9d80378-15df-49f6-9529-70ebdf36b3db','Отделка стен, колонн и откосов','Технические помещения','м2',12),
('be229b0f-2dae-47a7-87c9-2c868afa6046','a9d80378-15df-49f6-9529-70ebdf36b3db','Отделка стен, колонн и откосов','МОП ПЧ','м2',12),
('18da3e42-bbc2-48ca-b1b6-b8c98b36fc5b','a9d80378-15df-49f6-9529-70ebdf36b3db','Почтовые ящики с конструкцией','Лобби','шт',12),
('64867ba0-bbf6-49e1-8f10-b417c986ed55','a9d80378-15df-49f6-9529-70ebdf36b3db','Сантехника','Лобби','м2',12),
('4463a0c8-09b1-48b2-9a4c-848192dc3715','a9d80378-15df-49f6-9529-70ebdf36b3db','Светопрозрачные перегородки','Лобби','м2',12),
-- order_num 13 (МОКАП)
('94c94088-8a71-4424-9439-15a67e9fdf40','05209bf1-ee1a-48a1-9f70-68148783a497','Благоустройство','Здание','м2',13),
('1a75b186-8ddf-4c05-bbc7-508c1d067f78','05209bf1-ee1a-48a1-9f70-68148783a497','Отделочные работы','Лобби','м2',13),
('77235ce2-99fa-44dc-b94c-4150ef078d4b','05209bf1-ee1a-48a1-9f70-68148783a497','Отделочные работы','Квартира','м2',13),
('dc66a5c0-d41a-449d-b6fa-b7cb06afe275','05209bf1-ee1a-48a1-9f70-68148783a497','Отделочные работы','Автостоянка','м2',13),
('4d271aa7-65a8-4f9b-a94d-5975ec93c883','05209bf1-ee1a-48a1-9f70-68148783a497','Отделочные работы','Кладовки Помещения не БКТ','м2',13),
('5c4e8b39-11be-47e0-a505-7f38f13ab01a','05209bf1-ee1a-48a1-9f70-68148783a497','Фасадные работы','Здание','м2',13),
-- order_num 14 (ДВЕРИ, ЛЮКИ, ВОРОТА)
('aafd8b41-8bb4-48ef-b4dd-c950a6a9fc5b','5a987600-2b4e-49f2-a4a7-b391f1182817','Ворота','Автостоянка','шт',14),
('71273700-2593-42d2-a524-598f294600a2','5a987600-2b4e-49f2-a4a7-b391f1182817','Выход на кровлю','МОП НЧ','шт',14),
('d9f4186a-2917-4bd1-8486-53f780c3492d','5a987600-2b4e-49f2-a4a7-b391f1182817','Двери входные','Лобби','шт',14),
('673d4229-2ba0-42c4-9597-f7651d061af3','5a987600-2b4e-49f2-a4a7-b391f1182817','Двери квартирные','МОП НЧ','шт',14),
('dae62190-5286-4517-9a77-48e6a134c393','5a987600-2b4e-49f2-a4a7-b391f1182817','Двери кладовых','Автостоянка','шт',14),
('5cc7f893-25cb-4636-81d8-a01d41b80859','5a987600-2b4e-49f2-a4a7-b391f1182817','Двери лестничной клетки и тамбур-шлюза','МОП НЧ','шт',14),
('ba4e6ef7-bc40-4e93-9c13-91bc6976fd57','5a987600-2b4e-49f2-a4a7-b391f1182817','Двери лифтового холла','МОП НЧ','шт',14),
('3d73fe29-feec-40d4-8638-1787e54c99c4','5a987600-2b4e-49f2-a4a7-b391f1182817','Двери скрытого монтажа','Лобби','шт',14),
('6896a406-1923-4abe-ad40-1c831dc19391','5a987600-2b4e-49f2-a4a7-b391f1182817','Двери технических помещений','МОП НЧ','шт',14),
('a3bae0ad-e169-432f-ae27-ccbf33a97b3e','5a987600-2b4e-49f2-a4a7-b391f1182817','Двери технических помещений','Автостоянка','шт',14),
('ea217982-d423-4e41-8c46-470dfefe1b35','5a987600-2b4e-49f2-a4a7-b391f1182817','Люки скрытые','МОП НЧ','шт',14),
('332f553d-895f-4e38-a2b6-776912a63fe4','5a987600-2b4e-49f2-a4a7-b391f1182817','Лючки в стенах','Лобби','шт',14),
('27debe79-fe24-4916-bfe9-1f3447405a3f','5a987600-2b4e-49f2-a4a7-b391f1182817','Лючки в стенах','МОП НЧ','шт',14),
('fa2bbe3a-53e0-4742-b181-b275bef44489','5a987600-2b4e-49f2-a4a7-b391f1182817','Потолочные лючки','Лобби','шт',14),
('1851faef-5370-43f9-85d1-210ff9089854','5a987600-2b4e-49f2-a4a7-b391f1182817','Потолочные лючки','МОП НЧ','шт',14),
('bddda943-4ee0-460b-b2bd-7e3e49de6219','5a987600-2b4e-49f2-a4a7-b391f1182817','Противопожарные шторы','Автостоянка','шт',14),
('d91d9350-fdd6-4418-b697-349d50666f9d','5a987600-2b4e-49f2-a4a7-b391f1182817','Противопожарные шторы','МОП НЧ','шт',14),
-- order_num 15 (ВИС / Механические инженерные системы)
('cb4016d7-45db-45f7-b9d6-6c1485a5ce52','b65d55b0-6284-4919-841c-2f9d568e9a56','Вентиляция общеобменная','Здание','м2',15),
('d761d1a6-81b0-4512-bcc2-fab92ab76884','b65d55b0-6284-4919-841c-2f9d568e9a56','Вентиляция противодымная','Здание','м2',15),
('1f688556-4e93-45da-8a27-2ef525010838','b65d55b0-6284-4919-841c-2f9d568e9a56','Водоснабжение (ХВС, ГВС)','Здание','м2',15),
('114abf0d-c8cb-4fa0-8ef9-1e96d5b3aa95','b65d55b0-6284-4919-841c-2f9d568e9a56','ИТП','Здание','м2',15),
('cbf30882-b2ba-4dd4-88d9-315e6e8c79ad','b65d55b0-6284-4919-841c-2f9d568e9a56','Канализация ливневая','Здание','м2',15),
('d8ba6398-3f39-42c9-ac90-49c02fbe71a5','b65d55b0-6284-4919-841c-2f9d568e9a56','Канализация хоз-бытовая','Здание','м2',15),
('de3536eb-ee92-455c-ac48-55ea1a3503b7','b65d55b0-6284-4919-841c-2f9d568e9a56','Кондиционирование / Холодоснабжение + учтен огнезащитный короб','Здание','м2',15),
('b8a08aa8-ea82-4dd5-8751-94968c838f8c','b65d55b0-6284-4919-841c-2f9d568e9a56','Отопление','Здание','м2',15),
('5b5b5b6d-9127-4574-975e-f9ac89ab4034','b65d55b0-6284-4919-841c-2f9d568e9a56','Пожаротушение','Здание','м2',15),
-- order_num 16 (ВИС / Электрические системы)
('01991174-75a6-46f9-b5f5-1df6afb3de9b','6ede0f27-0ac7-4861-92b9-02837a474f41','Архитектурная подсветка','Здание','м2',16),
('32c2bc39-c3d1-4c7c-a643-c27256588042','6ede0f27-0ac7-4861-92b9-02837a474f41','ДГУ','Здание','м2',16),
('f60f3cb1-38ba-4d00-82be-21b90a09737a','6ede0f27-0ac7-4861-92b9-02837a474f41','Заземление и Молниезащита','Здание','м2',16),
('808f3caa-1968-4d3f-b959-e225eb01d55c','6ede0f27-0ac7-4861-92b9-02837a474f41','Освещение по благоустройству (кабель+освещение+закладные+фундаменты)','Здание','м2',16),
('15f707af-7507-418c-a2c7-865ca120923c','6ede0f27-0ac7-4861-92b9-02837a474f41','Трансформаторная подстанция (ТП)','Здание','м2',16),
('aa84b547-038f-418a-8391-2bf0f7560d28','6ede0f27-0ac7-4861-92b9-02837a474f41','Электрика - освещение(кабель разводка) + аварийные блоки питания','Здание','м2',16),
('440831c3-df2e-4744-8ccf-6d2936ef3147','6ede0f27-0ac7-4861-92b9-02837a474f41','Электрика - силовая. Кабеля','Здание','м2',16),
('3cf31896-93e5-4329-9464-697bdf733a69','6ede0f27-0ac7-4861-92b9-02837a474f41','Электрика - силовая. Лотки, кабельнесущие системы','Здание','м2',16),
('61774a63-edb5-44e3-b0c2-8e4419ea20dd','6ede0f27-0ac7-4861-92b9-02837a474f41','Электрика - силовая. Огнезащита','Здание','м2',16),
('581e352e-369e-4ec7-b1e6-77e96d125e42','6ede0f27-0ac7-4861-92b9-02837a474f41','Электрика - силовая. Шинопровод (кабельное соединение до шинопровода, коробки отбора мощности)','Здание','м2',16),
('60ebf73c-175e-4485-9555-cba843588c73','6ede0f27-0ac7-4861-92b9-02837a474f41','Электрика - силовая. Щитовое оборудование (с учетом комплексации щитов , ковриков)','Здание','м2',16),
-- order_num 17 (ВИС / Слаботочные системы)
('60aca6e3-afeb-48e6-8fa6-8b2e78ef700b','f7a0ca9d-afe7-451b-a0ac-29f3475e50d8','Автомат-я, диспетч-я и мониторинг: электроосв., вентил., кондиц., дренажа, контр. протечек','Здание','м2',17),
('178e1f1f-008f-4961-93e5-1ca58135fd54','f7a0ca9d-afe7-451b-a0ac-29f3475e50d8','Автоматизированный информационно-измерительная система коммерческого учета энергоресурсов (АИИСКУЭ)','Здание','м2',17),
('3216dd05-3aca-48f7-94f7-dbf148e3a13d','f7a0ca9d-afe7-451b-a0ac-29f3475e50d8','Закладные детали сетей связи (ЗДСС, СКК)','Здание','м2',17),
('d45258b3-e97b-4863-a6f2-9580e62dbe0a','f7a0ca9d-afe7-451b-a0ac-29f3475e50d8','Интернет (локальные вычислительные сети, ЛВС)','Здание','м2',17),
('4a1d0c9f-8101-4705-8d35-0f19d2ac0e99','f7a0ca9d-afe7-451b-a0ac-29f3475e50d8','Оповещение о пожаре (СОУЭ, АОП)','Здание','м2',17),
('fae1f51b-6ac9-4f23-8453-8c06dc4c33b3','f7a0ca9d-afe7-451b-a0ac-29f3475e50d8','Охранно-защитная система (ОЗДС)','Здание','м2',17),
('27650b78-133c-4317-b373-0b07278aee10','f7a0ca9d-afe7-451b-a0ac-29f3475e50d8','Пожарная сигнализация (АПС, АУПС, ПС)','Здание','м2',17),
('8100f256-b52a-48e0-acc7-185f4adb47d1','f7a0ca9d-afe7-451b-a0ac-29f3475e50d8','Радиофикация (РлТССВ)','Здание','м2',17),
('c4075af9-73df-4886-b7f2-cf30f89794cd','f7a0ca9d-afe7-451b-a0ac-29f3475e50d8','Система видеонаблюдения (СОТ, СВБЛ, СВБД)','Здание','м2',17),
('c399cc5d-0be4-4dc0-a18c-db0f9741a4f1','f7a0ca9d-afe7-451b-a0ac-29f3475e50d8','Система громкоговорящей связи в лифтах и лифтовых холлах','Здание','м2',17),
('7c391eac-8c0d-4f41-b195-fb2fa63ff3aa','f7a0ca9d-afe7-451b-a0ac-29f3475e50d8','Система домофонной связи (СДС)','Здание','м2',17),
('c805b4a0-a4e7-430e-99e0-436039268945','f7a0ca9d-afe7-451b-a0ac-29f3475e50d8','Система контроля загазованности','Здание','м2',17),
('101460e6-beae-45cb-8fca-46e7d9a06707','f7a0ca9d-afe7-451b-a0ac-29f3475e50d8','Система контроля и управления доступом (СКУД)','Здание','м2',17),
('1224e333-d43b-4dc8-b641-dfc02f49384e','f7a0ca9d-afe7-451b-a0ac-29f3475e50d8','Система охранно-тревожной сигнализации (СОТС, ОС)','Здание','м2',17),
('3acf84c5-c429-43ff-984d-f48921bd7654','f7a0ca9d-afe7-451b-a0ac-29f3475e50d8','Система тревожной сигнализации для МГН','Здание','м2',17),
('e0ea4f94-59d3-42e2-a6cd-c8f526808c54','f7a0ca9d-afe7-451b-a0ac-29f3475e50d8','Система экстренной связи (СЭС)','Здание','м2',17),
('a1ac4bcb-50b9-4d88-9bb4-8e6343a2d390','f7a0ca9d-afe7-451b-a0ac-29f3475e50d8','Структурированная кабельная система (СКС) (подраздел)','Здание','м2',17),
('4373f52b-6e66-4a75-8835-46aea16c3cef','f7a0ca9d-afe7-451b-a0ac-29f3475e50d8','Телевидение (эфирное, кабельное, спутниковое)','Здание','м2',17),
('dd5e4836-36e0-477a-81e9-0d3b109083f4','f7a0ca9d-afe7-451b-a0ac-29f3475e50d8','Телефонизация (ТлССВ)','Здание','м2',17),
('c22476aa-cbf9-4b54-91b4-0968b1cb0874','f7a0ca9d-afe7-451b-a0ac-29f3475e50d8','Усиление сотовой связи','Здание','м2',17),
-- order_num 18 (ТЕХНОЛОГИЯ (ТХ))
('19c33888-3262-4a2b-aede-00aa68af9b7b','1a1aafd0-8c73-42f1-95d3-76251b1d13a5','Антитеррористическое оборудование','Улица','шт',18),
('d6d6e0bd-4cde-4f4e-b0b0-66b2ad0761e4','1a1aafd0-8c73-42f1-95d3-76251b1d13a5','Вертикальный транспорт','Улица','шт',18),
('e493e0e3-56db-4a37-a942-22bb105a515a','1a1aafd0-8c73-42f1-95d3-76251b1d13a5','Водные объекты','Улица','шт',18),
('f990f9dc-29bf-4140-ae5b-5ba2ac72bb20','1a1aafd0-8c73-42f1-95d3-76251b1d13a5','Временные площадки, ограждение, овещение шахты временное, окрашивание приямка, лестница в приямок,  защита лифта','Улица','компл',18),
('30b90b97-ba09-4e1f-91e7-99752ee67f6b','1a1aafd0-8c73-42f1-95d3-76251b1d13a5','Мусоропровод','Улица','шт',18),
('f2b475a4-a8c3-4b1d-a06b-09c6264c8a4b','1a1aafd0-8c73-42f1-95d3-76251b1d13a5','Оборудование пищеблока','Улица','компл',18),
('541e723c-3dbc-4a08-9bf5-c89d9bff2e04','1a1aafd0-8c73-42f1-95d3-76251b1d13a5','Оборудование помещений для массовых мероприятий','Улица','компл',18),
('d19f39b3-51ed-4f79-be24-548fa3fa7afc','1a1aafd0-8c73-42f1-95d3-76251b1d13a5','Снегоплавильное оборудование','Улица','шт',18),
('7d483f98-448c-4dfb-925e-306a59f4e3ed','1a1aafd0-8c73-42f1-95d3-76251b1d13a5','Технология дорожного движения и мойки колес','Улица','м2',18),
-- order_num 19 (НАРУЖНИЕ ВИС)
('3f5f7b37-f79d-42a7-a580-3fc29966af7a','902e070d-9b5c-4856-894e-29f564069e24','Водоотведение К2 (до первого колодца)','Улица','м2',19),
('4b7b08e1-58ad-4fea-bcdf-7a58aa537060','902e070d-9b5c-4856-894e-29f564069e24','Водоснабжение (включая земляные работы)','Улица','м2',19),
('7ec6ce9e-78c8-4ea7-9b98-e261e1ee0292','902e070d-9b5c-4856-894e-29f564069e24','Водоснабжение с водомерным узлом (до первого колодца)','Улица','м2',19),
('e25fd165-e5c9-4bc1-8cab-376b476e94ae','9b9dfb06-1a72-4df3-adc9-cae87ce57157','Интернет (локальные вычислительные сети, ЛВС)(включая земляные работы)','Улица','м2',19),
('a3ca2213-edf7-445e-bec7-e2ac583697ac','902e070d-9b5c-4856-894e-29f564069e24','Канализация К1 (до первого колодца)','Улица','м2',19),
('966cdb67-b5f0-4310-9203-8777b722fa73','902e070d-9b5c-4856-894e-29f564069e24','Канализация ливневая(включая земляные работы)','Улица','м2',19),
('cba2da9e-3659-45f8-8e79-6d83c834c436','902e070d-9b5c-4856-894e-29f564069e24','Канализация хоз-бытовая(включая земляные работы)','Улица','м2',19),
('bab5c1e9-f291-475c-954c-3a4aae55750e','902e070d-9b5c-4856-894e-29f564069e24','Сети теплоснабжения(включая земляные работы)','Улица','м2',19),
('3cd888cd-9192-45b9-8c75-4da120e830a5','902e070d-9b5c-4856-894e-29f564069e24','Тепловая сеть (до первого колодца)','Улица','м2',19),
('7ca59732-a501-4774-8bd7-d8211490386a','c18c38e0-f790-4be4-9965-1edced103e19','Электрика - силовая(включая земляные работы)','Улица','м2',19),
-- order_num 20 (БЛАГОУСТРОЙСТВО)
('30881cb6-d20e-4413-beb3-804464b740fe','501698da-fe8e-4ee3-b597-075a02a06aeb','Водоотводные лотки благоустройства','Улица','м.п.',20),
('0f7ba330-69e5-4d5c-8bc9-708633a0c05c','501698da-fe8e-4ee3-b597-075a02a06aeb','Выемка за границами котлована','Улица','м3',20),
('49a2cf07-0796-470e-a929-cb317ac74083','501698da-fe8e-4ee3-b597-075a02a06aeb','Деревья','Улица','шт',20),
('3e9f5e66-a9b5-43a7-bf37-5dbb823a914f','501698da-fe8e-4ee3-b597-075a02a06aeb','Засыпка пазух до проектной отметки благоустройства','Улица','м3',20),
('04d353a1-103c-44d1-9550-398357d576bf','501698da-fe8e-4ee3-b597-075a02a06aeb','МАФ','Улица','шт',20),
('e234ba95-0759-4cdb-9ec4-be4dda92114c','501698da-fe8e-4ee3-b597-075a02a06aeb','Металлоконструкции','Улица','м.п.',20),
('45946597-6f0f-4217-8597-d1b57008e7f2','501698da-fe8e-4ee3-b597-075a02a06aeb','Озеленение','Улица','м2',20),
('1fcf3ce9-e7bc-411a-b648-5176e6c5b599','501698da-fe8e-4ee3-b597-075a02a06aeb','Подпорные стены (в т.ч. габионы)','Улица','м.п.',20),
('5ed37326-b480-4705-a5fb-954166e14424','501698da-fe8e-4ee3-b597-075a02a06aeb','Разгрузочные плиты','Улица','м3',20),
('58ccb9fa-2926-4a18-aaaf-531946a7ee08','501698da-fe8e-4ee3-b597-075a02a06aeb','Финишные покрытия','Улица','м2',20),
-- order_num 21 (ОТДЕЛКА КВАРТИР MR BASE)
('4afd34f8-cc37-424e-b5ec-88da21d30b9c','c38c7f9b-4874-4181-b7c9-9193c452ca4a','Вентиляция общеобменная','Квартира','м2',21),
('0327bb18-f72c-4193-9417-937bea12a19a','c38c7f9b-4874-4181-b7c9-9193c452ca4a','Водоснабжение (ХВС, ГВС)','Квартира','м2',21),
('91190eea-28b3-47ae-bf19-8a3baffd5f6a','c38c7f9b-4874-4181-b7c9-9193c452ca4a','ГКЛ перегородки','Квартира','м2',21),
('2041805a-0e00-4260-a007-e0346d5d07aa','c38c7f9b-4874-4181-b7c9-9193c452ca4a','Закладные детали кладки','Квартира','тн',21),
('c81de4f0-9e7a-42cb-a2a5-2ca5abb32615','c38c7f9b-4874-4181-b7c9-9193c452ca4a','Канализация хоз-бытовая','Квартира','м2',21),
('a22bd238-8a76-421f-b652-ea3b061488ce','c38c7f9b-4874-4181-b7c9-9193c452ca4a','Кладка перегородок','Квартира','м2',21),
('1d948784-fc45-408c-afdb-efed6102abd2','c38c7f9b-4874-4181-b7c9-9193c452ca4a','Кондиционирование / Холодоснабжение','Квартира','м2',21),
('e8880f61-1926-4121-ab35-0b89102abffc','c38c7f9b-4874-4181-b7c9-9193c452ca4a','Отделка полов','Квартира','м2',21),
('fb9cb98b-0abf-453e-8b85-875ab8b4f90a','c38c7f9b-4874-4181-b7c9-9193c452ca4a','Отделка потолков','Квартира','м2',21),
('4def5f76-774b-4cef-8c61-c22548e2ad6f','c38c7f9b-4874-4181-b7c9-9193c452ca4a','Отделка стен, колонн и откосов','Квартира','м2',21),
('1511d013-5309-4df8-a4c2-d5d5a1e197a0','c38c7f9b-4874-4181-b7c9-9193c452ca4a','Слаботочные системы (включая устройства умного дома)','Квартира','м2',21),
('172de59e-f223-46f2-a17e-50df0a6e9fab','c38c7f9b-4874-4181-b7c9-9193c452ca4a','Электрика - освещение','Квартира','м2',21),
('59eb1f98-8218-4ab8-af82-2709f80a074a','c38c7f9b-4874-4181-b7c9-9193c452ca4a','Электрика - силовая','Квартира','м2',21),
-- order_num 22 (ПРОЕКТНЫЕ РАБОТЫ)
('31d91bc5-f420-43a7-b0c7-663f6d8457f2','63488789-7ae2-4f0f-866b-e5e15f93799b','ЗОС','Здание','м2',22),
('fd2bbe0d-f9ab-4fb7-a0b3-5a569824321b','63488789-7ae2-4f0f-866b-e5e15f93799b','Корректировка стадии П и повторная экспертиза','Здание','м2',22),
('e37a4a22-5c7d-4e47-8a52-0d0aa4529993','63488789-7ae2-4f0f-866b-e5e15f93799b','Научно-техническое сопровождение строительства','Здание','м2',22),
('094e720c-931a-460a-9099-7064e5b6dc9f','63488789-7ae2-4f0f-866b-e5e15f93799b','Разработка АИ на МОПы и паркинг','Здание','м2',22),
('3824acb7-966f-4941-9ecf-8fc4237cc33c','63488789-7ae2-4f0f-866b-e5e15f93799b','Разработка РД (включая КМД на фасады) и авторский надзор','Здание','м2',22),
('347562ce-597c-4b5e-accc-14966c40e065','63488789-7ae2-4f0f-866b-e5e15f93799b','Разработка РД на НИС','Здание','м2',22),
('d5db0c6e-0715-4e5f-98d0-507a90d1138b','63488789-7ae2-4f0f-866b-e5e15f93799b','Разработка РД на отделку квартир','Здание','м2',22)
ON CONFLICT (id) DO NOTHING;
